Number,FeatureName
1,diagnostics_Image-original_Mean
2,diagnostics_Image-original_Minimum
3,diagnostics_Image-original_Maximum
4,diagnostics_Mask-original_VoxelNum
5,diagnostics_Mask-original_VolumeNum
6,original_shape_Elongation
7,original_shape_Flatness
8,original_shape_LeastAxisLength
9,original_shape_MajorAxisLength
10,original_shape_Maximum2DDiameterColumn
11,original_shape_Maximum2DDiameterRow
12,original_shape_Maximum2DDiameterSlice
13,original_shape_Maximum3DDiameter
14,original_shape_MeshVolume
15,original_shape_MinorAxisLength
16,original_shape_Sphericity
17,original_shape_SurfaceArea
18,original_shape_SurfaceVolumeRatio
19,original_shape_VoxelVolume
20,original_firstorder_10Percentile
21,original_firstorder_90Percentile
22,original_firstorder_Energy
23,original_firstorder_Entropy
24,original_firstorder_InterquartileRange
25,original_firstorder_Kurtosis
26,original_firstorder_Maximum
27,original_firstorder_MeanAbsoluteDeviation
28,original_firstorder_Mean
29,original_firstorder_Median
30,original_firstorder_Minimum
31,original_firstorder_Range
32,original_firstorder_RobustMeanAbsoluteDeviation
33,original_firstorder_RootMeanSquared
34,original_firstorder_Skewness
35,original_firstorder_TotalEnergy
36,original_firstorder_Uniformity
37,original_firstorder_Variance
38,original_glcm_Autocorrelation
39,original_glcm_JointAverage
40,original_glcm_ClusterProminence
41,original_glcm_ClusterShade
42,original_glcm_ClusterTendency
43,original_glcm_Contrast
44,original_glcm_Correlation
45,original_glcm_DifferenceAverage
46,original_glcm_DifferenceEntropy
47,original_glcm_DifferenceVariance
48,original_glcm_JointEnergy
49,original_glcm_JointEntropy
50,original_glcm_Imc1
51,original_glcm_Imc2
52,original_glcm_Idm
53,original_glcm_Idmn
54,original_glcm_Id
55,original_glcm_Idn
56,original_glcm_InverseVariance
57,original_glcm_MaximumProbability
58,original_glcm_SumEntropy
59,original_glcm_SumSquares
60,original_glrlm_GrayLevelNonUniformity
61,original_glrlm_GrayLevelNonUniformityNormalized
62,original_glrlm_GrayLevelVariance
63,original_glrlm_HighGrayLevelRunEmphasis
64,original_glrlm_LongRunEmphasis
65,original_glrlm_LongRunHighGrayLevelEmphasis
66,original_glrlm_LongRunLowGrayLevelEmphasis
67,original_glrlm_LowGrayLevelRunEmphasis
68,original_glrlm_RunEntropy
69,original_glrlm_RunLengthNonUniformity
70,original_glrlm_RunLengthNonUniformityNormalized
71,original_glrlm_RunPercentage
72,original_glrlm_RunVariance
73,original_glrlm_ShortRunEmphasis
74,original_glrlm_ShortRunHighGrayLevelEmphasis
75,original_glrlm_ShortRunLowGrayLevelEmphasis
76,original_glszm_GrayLevelNonUniformity
77,original_glszm_GrayLevelNonUniformityNormalized
78,original_glszm_GrayLevelVariance
79,original_glszm_HighGrayLevelZoneEmphasis
80,original_glszm_LargeAreaEmphasis
81,original_glszm_LargeAreaHighGrayLevelEmphasis
82,original_glszm_LargeAreaLowGrayLevelEmphasis
83,original_glszm_LowGrayLevelZoneEmphasis
84,original_glszm_SizeZoneNonUniformity
85,original_glszm_SizeZoneNonUniformityNormalized
86,original_glszm_SmallAreaEmphasis
87,original_glszm_SmallAreaHighGrayLevelEmphasis
88,original_glszm_SmallAreaLowGrayLevelEmphasis
89,original_glszm_ZoneEntropy
90,original_glszm_ZonePercentage
91,original_glszm_ZoneVariance
92,original_gldm_DependenceEntropy
93,original_gldm_DependenceNonUniformity
94,original_gldm_DependenceNonUniformityNormalized
95,original_gldm_DependenceVariance
96,original_gldm_GrayLevelNonUniformity
97,original_gldm_GrayLevelVariance
98,original_gldm_HighGrayLevelEmphasis
99,original_gldm_LargeDependenceEmphasis
100,original_gldm_LargeDependenceHighGrayLevelEmphasis
101,original_gldm_LargeDependenceLowGrayLevelEmphasis
102,original_gldm_LowGrayLevelEmphasis
103,original_gldm_SmallDependenceEmphasis
104,original_gldm_SmallDependenceHighGrayLevelEmphasis
105,original_gldm_SmallDependenceLowGrayLevelEmphasis
106,log-sigma-1-0-mm-3D_firstorder_10Percentile
107,log-sigma-1-0-mm-3D_firstorder_90Percentile
108,log-sigma-1-0-mm-3D_firstorder_Energy
109,log-sigma-1-0-mm-3D_firstorder_Entropy
110,log-sigma-1-0-mm-3D_firstorder_InterquartileRange
111,log-sigma-1-0-mm-3D_firstorder_Kurtosis
112,log-sigma-1-0-mm-3D_firstorder_Maximum
113,log-sigma-1-0-mm-3D_firstorder_MeanAbsoluteDeviation
114,log-sigma-1-0-mm-3D_firstorder_Mean
115,log-sigma-1-0-mm-3D_firstorder_Median
116,log-sigma-1-0-mm-3D_firstorder_Minimum
117,log-sigma-1-0-mm-3D_firstorder_Range
118,log-sigma-1-0-mm-3D_firstorder_RobustMeanAbsoluteDeviation
119,log-sigma-1-0-mm-3D_firstorder_RootMeanSquared
120,log-sigma-1-0-mm-3D_firstorder_Skewness
121,log-sigma-1-0-mm-3D_firstorder_TotalEnergy
122,log-sigma-1-0-mm-3D_firstorder_Uniformity
123,log-sigma-1-0-mm-3D_firstorder_Variance
124,log-sigma-1-0-mm-3D_glcm_Autocorrelation
125,log-sigma-1-0-mm-3D_glcm_JointAverage
126,log-sigma-1-0-mm-3D_glcm_ClusterProminence
127,log-sigma-1-0-mm-3D_glcm_ClusterShade
128,log-sigma-1-0-mm-3D_glcm_ClusterTendency
129,log-sigma-1-0-mm-3D_glcm_Contrast
130,log-sigma-1-0-mm-3D_glcm_Correlation
131,log-sigma-1-0-mm-3D_glcm_DifferenceAverage
132,log-sigma-1-0-mm-3D_glcm_DifferenceEntropy
133,log-sigma-1-0-mm-3D_glcm_DifferenceVariance
134,log-sigma-1-0-mm-3D_glcm_JointEnergy
135,log-sigma-1-0-mm-3D_glcm_JointEntropy
136,log-sigma-1-0-mm-3D_glcm_Imc1
137,log-sigma-1-0-mm-3D_glcm_Imc2
138,log-sigma-1-0-mm-3D_glcm_Idm
139,log-sigma-1-0-mm-3D_glcm_Idmn
140,log-sigma-1-0-mm-3D_glcm_Id
141,log-sigma-1-0-mm-3D_glcm_Idn
142,log-sigma-1-0-mm-3D_glcm_InverseVariance
143,log-sigma-1-0-mm-3D_glcm_MaximumProbability
144,log-sigma-1-0-mm-3D_glcm_SumEntropy
145,log-sigma-1-0-mm-3D_glcm_SumSquares
146,log-sigma-1-0-mm-3D_glrlm_GrayLevelNonUniformity
147,log-sigma-1-0-mm-3D_glrlm_GrayLevelNonUniformityNormalized
148,log-sigma-1-0-mm-3D_glrlm_GrayLevelVariance
149,log-sigma-1-0-mm-3D_glrlm_HighGrayLevelRunEmphasis
150,log-sigma-1-0-mm-3D_glrlm_LongRunEmphasis
151,log-sigma-1-0-mm-3D_glrlm_LongRunHighGrayLevelEmphasis
152,log-sigma-1-0-mm-3D_glrlm_LongRunLowGrayLevelEmphasis
153,log-sigma-1-0-mm-3D_glrlm_LowGrayLevelRunEmphasis
154,log-sigma-1-0-mm-3D_glrlm_RunEntropy
155,log-sigma-1-0-mm-3D_glrlm_RunLengthNonUniformity
156,log-sigma-1-0-mm-3D_glrlm_RunLengthNonUniformityNormalized
157,log-sigma-1-0-mm-3D_glrlm_RunPercentage
158,log-sigma-1-0-mm-3D_glrlm_RunVariance
159,log-sigma-1-0-mm-3D_glrlm_ShortRunEmphasis
160,log-sigma-1-0-mm-3D_glrlm_ShortRunHighGrayLevelEmphasis
161,log-sigma-1-0-mm-3D_glrlm_ShortRunLowGrayLevelEmphasis
162,log-sigma-1-0-mm-3D_glszm_GrayLevelNonUniformity
163,log-sigma-1-0-mm-3D_glszm_GrayLevelNonUniformityNormalized
164,log-sigma-1-0-mm-3D_glszm_GrayLevelVariance
165,log-sigma-1-0-mm-3D_glszm_HighGrayLevelZoneEmphasis
166,log-sigma-1-0-mm-3D_glszm_LargeAreaEmphasis
167,log-sigma-1-0-mm-3D_glszm_LargeAreaHighGrayLevelEmphasis
168,log-sigma-1-0-mm-3D_glszm_LargeAreaLowGrayLevelEmphasis
169,log-sigma-1-0-mm-3D_glszm_LowGrayLevelZoneEmphasis
170,log-sigma-1-0-mm-3D_glszm_SizeZoneNonUniformity
171,log-sigma-1-0-mm-3D_glszm_SizeZoneNonUniformityNormalized
172,log-sigma-1-0-mm-3D_glszm_SmallAreaEmphasis
173,log-sigma-1-0-mm-3D_glszm_SmallAreaHighGrayLevelEmphasis
174,log-sigma-1-0-mm-3D_glszm_SmallAreaLowGrayLevelEmphasis
175,log-sigma-1-0-mm-3D_glszm_ZoneEntropy
176,log-sigma-1-0-mm-3D_glszm_ZonePercentage
177,log-sigma-1-0-mm-3D_glszm_ZoneVariance
178,log-sigma-1-0-mm-3D_gldm_DependenceEntropy
179,log-sigma-1-0-mm-3D_gldm_DependenceNonUniformity
180,log-sigma-1-0-mm-3D_gldm_DependenceNonUniformityNormalized
181,log-sigma-1-0-mm-3D_gldm_DependenceVariance
182,log-sigma-1-0-mm-3D_gldm_GrayLevelNonUniformity
183,log-sigma-1-0-mm-3D_gldm_GrayLevelVariance
184,log-sigma-1-0-mm-3D_gldm_HighGrayLevelEmphasis
185,log-sigma-1-0-mm-3D_gldm_LargeDependenceEmphasis
186,log-sigma-1-0-mm-3D_gldm_LargeDependenceHighGrayLevelEmphasis
187,log-sigma-1-0-mm-3D_gldm_LargeDependenceLowGrayLevelEmphasis
188,log-sigma-1-0-mm-3D_gldm_LowGrayLevelEmphasis
189,log-sigma-1-0-mm-3D_gldm_SmallDependenceEmphasis
190,log-sigma-1-0-mm-3D_gldm_SmallDependenceHighGrayLevelEmphasis
191,log-sigma-1-0-mm-3D_gldm_SmallDependenceLowGrayLevelEmphasis
192,log-sigma-3-0-mm-3D_firstorder_10Percentile
193,log-sigma-3-0-mm-3D_firstorder_90Percentile
194,log-sigma-3-0-mm-3D_firstorder_Energy
195,log-sigma-3-0-mm-3D_firstorder_Entropy
196,log-sigma-3-0-mm-3D_firstorder_InterquartileRange
197,log-sigma-3-0-mm-3D_firstorder_Kurtosis
198,log-sigma-3-0-mm-3D_firstorder_Maximum
199,log-sigma-3-0-mm-3D_firstorder_MeanAbsoluteDeviation
200,log-sigma-3-0-mm-3D_firstorder_Mean
201,log-sigma-3-0-mm-3D_firstorder_Median
202,log-sigma-3-0-mm-3D_firstorder_Minimum
203,log-sigma-3-0-mm-3D_firstorder_Range
204,log-sigma-3-0-mm-3D_firstorder_RobustMeanAbsoluteDeviation
205,log-sigma-3-0-mm-3D_firstorder_RootMeanSquared
206,log-sigma-3-0-mm-3D_firstorder_Skewness
207,log-sigma-3-0-mm-3D_firstorder_TotalEnergy
208,log-sigma-3-0-mm-3D_firstorder_Uniformity
209,log-sigma-3-0-mm-3D_firstorder_Variance
210,log-sigma-3-0-mm-3D_glcm_Autocorrelation
211,log-sigma-3-0-mm-3D_glcm_JointAverage
212,log-sigma-3-0-mm-3D_glcm_ClusterProminence
213,log-sigma-3-0-mm-3D_glcm_ClusterShade
214,log-sigma-3-0-mm-3D_glcm_ClusterTendency
215,log-sigma-3-0-mm-3D_glcm_Contrast
216,log-sigma-3-0-mm-3D_glcm_Correlation
217,log-sigma-3-0-mm-3D_glcm_DifferenceAverage
218,log-sigma-3-0-mm-3D_glcm_DifferenceEntropy
219,log-sigma-3-0-mm-3D_glcm_DifferenceVariance
220,log-sigma-3-0-mm-3D_glcm_JointEnergy
221,log-sigma-3-0-mm-3D_glcm_JointEntropy
222,log-sigma-3-0-mm-3D_glcm_Imc1
223,log-sigma-3-0-mm-3D_glcm_Imc2
224,log-sigma-3-0-mm-3D_glcm_Idm
225,log-sigma-3-0-mm-3D_glcm_Idmn
226,log-sigma-3-0-mm-3D_glcm_Id
227,log-sigma-3-0-mm-3D_glcm_Idn
228,log-sigma-3-0-mm-3D_glcm_InverseVariance
229,log-sigma-3-0-mm-3D_glcm_MaximumProbability
230,log-sigma-3-0-mm-3D_glcm_SumEntropy
231,log-sigma-3-0-mm-3D_glcm_SumSquares
232,log-sigma-3-0-mm-3D_glrlm_GrayLevelNonUniformity
233,log-sigma-3-0-mm-3D_glrlm_GrayLevelNonUniformityNormalized
234,log-sigma-3-0-mm-3D_glrlm_GrayLevelVariance
235,log-sigma-3-0-mm-3D_glrlm_HighGrayLevelRunEmphasis
236,log-sigma-3-0-mm-3D_glrlm_LongRunEmphasis
237,log-sigma-3-0-mm-3D_glrlm_LongRunHighGrayLevelEmphasis
238,log-sigma-3-0-mm-3D_glrlm_LongRunLowGrayLevelEmphasis
239,log-sigma-3-0-mm-3D_glrlm_LowGrayLevelRunEmphasis
240,log-sigma-3-0-mm-3D_glrlm_RunEntropy
241,log-sigma-3-0-mm-3D_glrlm_RunLengthNonUniformity
242,log-sigma-3-0-mm-3D_glrlm_RunLengthNonUniformityNormalized
243,log-sigma-3-0-mm-3D_glrlm_RunPercentage
244,log-sigma-3-0-mm-3D_glrlm_RunVariance
245,log-sigma-3-0-mm-3D_glrlm_ShortRunEmphasis
246,log-sigma-3-0-mm-3D_glrlm_ShortRunHighGrayLevelEmphasis
247,log-sigma-3-0-mm-3D_glrlm_ShortRunLowGrayLevelEmphasis
248,log-sigma-3-0-mm-3D_glszm_GrayLevelNonUniformity
249,log-sigma-3-0-mm-3D_glszm_GrayLevelNonUniformityNormalized
250,log-sigma-3-0-mm-3D_glszm_GrayLevelVariance
251,log-sigma-3-0-mm-3D_glszm_HighGrayLevelZoneEmphasis
252,log-sigma-3-0-mm-3D_glszm_LargeAreaEmphasis
253,log-sigma-3-0-mm-3D_glszm_LargeAreaHighGrayLevelEmphasis
254,log-sigma-3-0-mm-3D_glszm_LargeAreaLowGrayLevelEmphasis
255,log-sigma-3-0-mm-3D_glszm_LowGrayLevelZoneEmphasis
256,log-sigma-3-0-mm-3D_glszm_SizeZoneNonUniformity
257,log-sigma-3-0-mm-3D_glszm_SizeZoneNonUniformityNormalized
258,log-sigma-3-0-mm-3D_glszm_SmallAreaEmphasis
259,log-sigma-3-0-mm-3D_glszm_SmallAreaHighGrayLevelEmphasis
260,log-sigma-3-0-mm-3D_glszm_SmallAreaLowGrayLevelEmphasis
261,log-sigma-3-0-mm-3D_glszm_ZoneEntropy
262,log-sigma-3-0-mm-3D_glszm_ZonePercentage
263,log-sigma-3-0-mm-3D_glszm_ZoneVariance
264,log-sigma-3-0-mm-3D_gldm_DependenceEntropy
265,log-sigma-3-0-mm-3D_gldm_DependenceNonUniformity
266,log-sigma-3-0-mm-3D_gldm_DependenceNonUniformityNormalized
267,log-sigma-3-0-mm-3D_gldm_DependenceVariance
268,log-sigma-3-0-mm-3D_gldm_GrayLevelNonUniformity
269,log-sigma-3-0-mm-3D_gldm_GrayLevelVariance
270,log-sigma-3-0-mm-3D_gldm_HighGrayLevelEmphasis
271,log-sigma-3-0-mm-3D_gldm_LargeDependenceEmphasis
272,log-sigma-3-0-mm-3D_gldm_LargeDependenceHighGrayLevelEmphasis
273,log-sigma-3-0-mm-3D_gldm_LargeDependenceLowGrayLevelEmphasis
274,log-sigma-3-0-mm-3D_gldm_LowGrayLevelEmphasis
275,log-sigma-3-0-mm-3D_gldm_SmallDependenceEmphasis
276,log-sigma-3-0-mm-3D_gldm_SmallDependenceHighGrayLevelEmphasis
277,log-sigma-3-0-mm-3D_gldm_SmallDependenceLowGrayLevelEmphasis
278,wavelet-LLH_firstorder_10Percentile
279,wavelet-LLH_firstorder_90Percentile
280,wavelet-LLH_firstorder_Energy
281,wavelet-LLH_firstorder_Entropy
282,wavelet-LLH_firstorder_InterquartileRange
283,wavelet-LLH_firstorder_Kurtosis
284,wavelet-LLH_firstorder_Maximum
285,wavelet-LLH_firstorder_MeanAbsoluteDeviation
286,wavelet-LLH_firstorder_Mean
287,wavelet-LLH_firstorder_Median
288,wavelet-LLH_firstorder_Minimum
289,wavelet-LLH_firstorder_Range
290,wavelet-LLH_firstorder_RobustMeanAbsoluteDeviation
291,wavelet-LLH_firstorder_RootMeanSquared
292,wavelet-LLH_firstorder_Skewness
293,wavelet-LLH_firstorder_TotalEnergy
294,wavelet-LLH_firstorder_Uniformity
295,wavelet-LLH_firstorder_Variance
296,wavelet-LLH_glcm_Autocorrelation
297,wavelet-LLH_glcm_JointAverage
298,wavelet-LLH_glcm_ClusterProminence
299,wavelet-LLH_glcm_ClusterShade
300,wavelet-LLH_glcm_ClusterTendency
301,wavelet-LLH_glcm_Contrast
302,wavelet-LLH_glcm_Correlation
303,wavelet-LLH_glcm_DifferenceAverage
304,wavelet-LLH_glcm_DifferenceEntropy
305,wavelet-LLH_glcm_DifferenceVariance
306,wavelet-LLH_glcm_JointEnergy
307,wavelet-LLH_glcm_JointEntropy
308,wavelet-LLH_glcm_Imc1
309,wavelet-LLH_glcm_Imc2
310,wavelet-LLH_glcm_Idm
311,wavelet-LLH_glcm_Idmn
312,wavelet-LLH_glcm_Id
313,wavelet-LLH_glcm_Idn
314,wavelet-LLH_glcm_InverseVariance
315,wavelet-LLH_glcm_MaximumProbability
316,wavelet-LLH_glcm_SumEntropy
317,wavelet-LLH_glcm_SumSquares
318,wavelet-LLH_glrlm_GrayLevelNonUniformity
319,wavelet-LLH_glrlm_GrayLevelNonUniformityNormalized
320,wavelet-LLH_glrlm_GrayLevelVariance
321,wavelet-LLH_glrlm_HighGrayLevelRunEmphasis
322,wavelet-LLH_glrlm_LongRunEmphasis
323,wavelet-LLH_glrlm_LongRunHighGrayLevelEmphasis
324,wavelet-LLH_glrlm_LongRunLowGrayLevelEmphasis
325,wavelet-LLH_glrlm_LowGrayLevelRunEmphasis
326,wavelet-LLH_glrlm_RunEntropy
327,wavelet-LLH_glrlm_RunLengthNonUniformity
328,wavelet-LLH_glrlm_RunLengthNonUniformityNormalized
329,wavelet-LLH_glrlm_RunPercentage
330,wavelet-LLH_glrlm_RunVariance
331,wavelet-LLH_glrlm_ShortRunEmphasis
332,wavelet-LLH_glrlm_ShortRunHighGrayLevelEmphasis
333,wavelet-LLH_glrlm_ShortRunLowGrayLevelEmphasis
334,wavelet-LLH_glszm_GrayLevelNonUniformity
335,wavelet-LLH_glszm_GrayLevelNonUniformityNormalized
336,wavelet-LLH_glszm_GrayLevelVariance
337,wavelet-LLH_glszm_HighGrayLevelZoneEmphasis
338,wavelet-LLH_glszm_LargeAreaEmphasis
339,wavelet-LLH_glszm_LargeAreaHighGrayLevelEmphasis
340,wavelet-LLH_glszm_LargeAreaLowGrayLevelEmphasis
341,wavelet-LLH_glszm_LowGrayLevelZoneEmphasis
342,wavelet-LLH_glszm_SizeZoneNonUniformity
343,wavelet-LLH_glszm_SizeZoneNonUniformityNormalized
344,wavelet-LLH_glszm_SmallAreaEmphasis
345,wavelet-LLH_glszm_SmallAreaHighGrayLevelEmphasis
346,wavelet-LLH_glszm_SmallAreaLowGrayLevelEmphasis
347,wavelet-LLH_glszm_ZoneEntropy
348,wavelet-LLH_glszm_ZonePercentage
349,wavelet-LLH_glszm_ZoneVariance
350,wavelet-LLH_gldm_DependenceEntropy
351,wavelet-LLH_gldm_DependenceNonUniformity
352,wavelet-LLH_gldm_DependenceNonUniformityNormalized
353,wavelet-LLH_gldm_DependenceVariance
354,wavelet-LLH_gldm_GrayLevelNonUniformity
355,wavelet-LLH_gldm_GrayLevelVariance
356,wavelet-LLH_gldm_HighGrayLevelEmphasis
357,wavelet-LLH_gldm_LargeDependenceEmphasis
358,wavelet-LLH_gldm_LargeDependenceHighGrayLevelEmphasis
359,wavelet-LLH_gldm_LargeDependenceLowGrayLevelEmphasis
360,wavelet-LLH_gldm_LowGrayLevelEmphasis
361,wavelet-LLH_gldm_SmallDependenceEmphasis
362,wavelet-LLH_gldm_SmallDependenceHighGrayLevelEmphasis
363,wavelet-LLH_gldm_SmallDependenceLowGrayLevelEmphasis
364,wavelet-LHL_firstorder_10Percentile
365,wavelet-LHL_firstorder_90Percentile
366,wavelet-LHL_firstorder_Energy
367,wavelet-LHL_firstorder_Entropy
368,wavelet-LHL_firstorder_InterquartileRange
369,wavelet-LHL_firstorder_Kurtosis
370,wavelet-LHL_firstorder_Maximum
371,wavelet-LHL_firstorder_MeanAbsoluteDeviation
372,wavelet-LHL_firstorder_Mean
373,wavelet-LHL_firstorder_Median
374,wavelet-LHL_firstorder_Minimum
375,wavelet-LHL_firstorder_Range
376,wavelet-LHL_firstorder_RobustMeanAbsoluteDeviation
377,wavelet-LHL_firstorder_RootMeanSquared
378,wavelet-LHL_firstorder_Skewness
379,wavelet-LHL_firstorder_TotalEnergy
380,wavelet-LHL_firstorder_Uniformity
381,wavelet-LHL_firstorder_Variance
382,wavelet-LHL_glcm_Autocorrelation
383,wavelet-LHL_glcm_JointAverage
384,wavelet-LHL_glcm_ClusterProminence
385,wavelet-LHL_glcm_ClusterShade
386,wavelet-LHL_glcm_ClusterTendency
387,wavelet-LHL_glcm_Contrast
388,wavelet-LHL_glcm_Correlation
389,wavelet-LHL_glcm_DifferenceAverage
390,wavelet-LHL_glcm_DifferenceEntropy
391,wavelet-LHL_glcm_DifferenceVariance
392,wavelet-LHL_glcm_JointEnergy
393,wavelet-LHL_glcm_JointEntropy
394,wavelet-LHL_glcm_Imc1
395,wavelet-LHL_glcm_Imc2
396,wavelet-LHL_glcm_Idm
397,wavelet-LHL_glcm_Idmn
398,wavelet-LHL_glcm_Id
399,wavelet-LHL_glcm_Idn
400,wavelet-LHL_glcm_InverseVariance
401,wavelet-LHL_glcm_MaximumProbability
402,wavelet-LHL_glcm_SumEntropy
403,wavelet-LHL_glcm_SumSquares
404,wavelet-LHL_glrlm_GrayLevelNonUniformity
405,wavelet-LHL_glrlm_GrayLevelNonUniformityNormalized
406,wavelet-LHL_glrlm_GrayLevelVariance
407,wavelet-LHL_glrlm_HighGrayLevelRunEmphasis
408,wavelet-LHL_glrlm_LongRunEmphasis
409,wavelet-LHL_glrlm_LongRunHighGrayLevelEmphasis
410,wavelet-LHL_glrlm_LongRunLowGrayLevelEmphasis
411,wavelet-LHL_glrlm_LowGrayLevelRunEmphasis
412,wavelet-LHL_glrlm_RunEntropy
413,wavelet-LHL_glrlm_RunLengthNonUniformity
414,wavelet-LHL_glrlm_RunLengthNonUniformityNormalized
415,wavelet-LHL_glrlm_RunPercentage
416,wavelet-LHL_glrlm_RunVariance
417,wavelet-LHL_glrlm_ShortRunEmphasis
418,wavelet-LHL_glrlm_ShortRunHighGrayLevelEmphasis
419,wavelet-LHL_glrlm_ShortRunLowGrayLevelEmphasis
420,wavelet-LHL_glszm_GrayLevelNonUniformity
421,wavelet-LHL_glszm_GrayLevelNonUniformityNormalized
422,wavelet-LHL_glszm_GrayLevelVariance
423,wavelet-LHL_glszm_HighGrayLevelZoneEmphasis
424,wavelet-LHL_glszm_LargeAreaEmphasis
425,wavelet-LHL_glszm_LargeAreaHighGrayLevelEmphasis
426,wavelet-LHL_glszm_LargeAreaLowGrayLevelEmphasis
427,wavelet-LHL_glszm_LowGrayLevelZoneEmphasis
428,wavelet-LHL_glszm_SizeZoneNonUniformity
429,wavelet-LHL_glszm_SizeZoneNonUniformityNormalized
430,wavelet-LHL_glszm_SmallAreaEmphasis
431,wavelet-LHL_glszm_SmallAreaHighGrayLevelEmphasis
432,wavelet-LHL_glszm_SmallAreaLowGrayLevelEmphasis
433,wavelet-LHL_glszm_ZoneEntropy
434,wavelet-LHL_glszm_ZonePercentage
435,wavelet-LHL_glszm_ZoneVariance
436,wavelet-LHL_gldm_DependenceEntropy
437,wavelet-LHL_gldm_DependenceNonUniformity
438,wavelet-LHL_gldm_DependenceNonUniformityNormalized
439,wavelet-LHL_gldm_DependenceVariance
440,wavelet-LHL_gldm_GrayLevelNonUniformity
441,wavelet-LHL_gldm_GrayLevelVariance
442,wavelet-LHL_gldm_HighGrayLevelEmphasis
443,wavelet-LHL_gldm_LargeDependenceEmphasis
444,wavelet-LHL_gldm_LargeDependenceHighGrayLevelEmphasis
445,wavelet-LHL_gldm_LargeDependenceLowGrayLevelEmphasis
446,wavelet-LHL_gldm_LowGrayLevelEmphasis
447,wavelet-LHL_gldm_SmallDependenceEmphasis
448,wavelet-LHL_gldm_SmallDependenceHighGrayLevelEmphasis
449,wavelet-LHL_gldm_SmallDependenceLowGrayLevelEmphasis
450,wavelet-LHH_firstorder_10Percentile
451,wavelet-LHH_firstorder_90Percentile
452,wavelet-LHH_firstorder_Energy
453,wavelet-LHH_firstorder_Entropy
454,wavelet-LHH_firstorder_InterquartileRange
455,wavelet-LHH_firstorder_Kurtosis
456,wavelet-LHH_firstorder_Maximum
457,wavelet-LHH_firstorder_MeanAbsoluteDeviation
458,wavelet-LHH_firstorder_Mean
459,wavelet-LHH_firstorder_Median
460,wavelet-LHH_firstorder_Minimum
461,wavelet-LHH_firstorder_Range
462,wavelet-LHH_firstorder_RobustMeanAbsoluteDeviation
463,wavelet-LHH_firstorder_RootMeanSquared
464,wavelet-LHH_firstorder_Skewness
465,wavelet-LHH_firstorder_TotalEnergy
466,wavelet-LHH_firstorder_Uniformity
467,wavelet-LHH_firstorder_Variance
468,wavelet-LHH_glcm_Autocorrelation
469,wavelet-LHH_glcm_JointAverage
470,wavelet-LHH_glcm_ClusterProminence
471,wavelet-LHH_glcm_ClusterShade
472,wavelet-LHH_glcm_ClusterTendency
473,wavelet-LHH_glcm_Contrast
474,wavelet-LHH_glcm_Correlation
475,wavelet-LHH_glcm_DifferenceAverage
476,wavelet-LHH_glcm_DifferenceEntropy
477,wavelet-LHH_glcm_DifferenceVariance
478,wavelet-LHH_glcm_JointEnergy
479,wavelet-LHH_glcm_JointEntropy
480,wavelet-LHH_glcm_Imc1
481,wavelet-LHH_glcm_Imc2
482,wavelet-LHH_glcm_Idm
483,wavelet-LHH_glcm_Idmn
484,wavelet-LHH_glcm_Id
485,wavelet-LHH_glcm_Idn
486,wavelet-LHH_glcm_InverseVariance
487,wavelet-LHH_glcm_MaximumProbability
488,wavelet-LHH_glcm_SumEntropy
489,wavelet-LHH_glcm_SumSquares
490,wavelet-LHH_glrlm_GrayLevelNonUniformity
491,wavelet-LHH_glrlm_GrayLevelNonUniformityNormalized
492,wavelet-LHH_glrlm_GrayLevelVariance
493,wavelet-LHH_glrlm_HighGrayLevelRunEmphasis
494,wavelet-LHH_glrlm_LongRunEmphasis
495,wavelet-LHH_glrlm_LongRunHighGrayLevelEmphasis
496,wavelet-LHH_glrlm_LongRunLowGrayLevelEmphasis
497,wavelet-LHH_glrlm_LowGrayLevelRunEmphasis
498,wavelet-LHH_glrlm_RunEntropy
499,wavelet-LHH_glrlm_RunLengthNonUniformity
500,wavelet-LHH_glrlm_RunLengthNonUniformityNormalized
501,wavelet-LHH_glrlm_RunPercentage
502,wavelet-LHH_glrlm_RunVariance
503,wavelet-LHH_glrlm_ShortRunEmphasis
504,wavelet-LHH_glrlm_ShortRunHighGrayLevelEmphasis
505,wavelet-LHH_glrlm_ShortRunLowGrayLevelEmphasis
506,wavelet-LHH_glszm_GrayLevelNonUniformity
507,wavelet-LHH_glszm_GrayLevelNonUniformityNormalized
508,wavelet-LHH_glszm_GrayLevelVariance
509,wavelet-LHH_glszm_HighGrayLevelZoneEmphasis
510,wavelet-LHH_glszm_LargeAreaEmphasis
511,wavelet-LHH_glszm_LargeAreaHighGrayLevelEmphasis
512,wavelet-LHH_glszm_LargeAreaLowGrayLevelEmphasis
513,wavelet-LHH_glszm_LowGrayLevelZoneEmphasis
514,wavelet-LHH_glszm_SizeZoneNonUniformity
515,wavelet-LHH_glszm_SizeZoneNonUniformityNormalized
516,wavelet-LHH_glszm_SmallAreaEmphasis
517,wavelet-LHH_glszm_SmallAreaHighGrayLevelEmphasis
518,wavelet-LHH_glszm_SmallAreaLowGrayLevelEmphasis
519,wavelet-LHH_glszm_ZoneEntropy
520,wavelet-LHH_glszm_ZonePercentage
521,wavelet-LHH_glszm_ZoneVariance
522,wavelet-LHH_gldm_DependenceEntropy
523,wavelet-LHH_gldm_DependenceNonUniformity
524,wavelet-LHH_gldm_DependenceNonUniformityNormalized
525,wavelet-LHH_gldm_DependenceVariance
526,wavelet-LHH_gldm_GrayLevelNonUniformity
527,wavelet-LHH_gldm_GrayLevelVariance
528,wavelet-LHH_gldm_HighGrayLevelEmphasis
529,wavelet-LHH_gldm_LargeDependenceEmphasis
530,wavelet-LHH_gldm_LargeDependenceHighGrayLevelEmphasis
531,wavelet-LHH_gldm_LargeDependenceLowGrayLevelEmphasis
532,wavelet-LHH_gldm_LowGrayLevelEmphasis
533,wavelet-LHH_gldm_SmallDependenceEmphasis
534,wavelet-LHH_gldm_SmallDependenceHighGrayLevelEmphasis
535,wavelet-LHH_gldm_SmallDependenceLowGrayLevelEmphasis
536,wavelet-HLL_firstorder_10Percentile
537,wavelet-HLL_firstorder_90Percentile
538,wavelet-HLL_firstorder_Energy
539,wavelet-HLL_firstorder_Entropy
540,wavelet-HLL_firstorder_InterquartileRange
541,wavelet-HLL_firstorder_Kurtosis
542,wavelet-HLL_firstorder_Maximum
543,wavelet-HLL_firstorder_MeanAbsoluteDeviation
544,wavelet-HLL_firstorder_Mean
545,wavelet-HLL_firstorder_Median
546,wavelet-HLL_firstorder_Minimum
547,wavelet-HLL_firstorder_Range
548,wavelet-HLL_firstorder_RobustMeanAbsoluteDeviation
549,wavelet-HLL_firstorder_RootMeanSquared
550,wavelet-HLL_firstorder_Skewness
551,wavelet-HLL_firstorder_TotalEnergy
552,wavelet-HLL_firstorder_Uniformity
553,wavelet-HLL_firstorder_Variance
554,wavelet-HLL_glcm_Autocorrelation
555,wavelet-HLL_glcm_JointAverage
556,wavelet-HLL_glcm_ClusterProminence
557,wavelet-HLL_glcm_ClusterShade
558,wavelet-HLL_glcm_ClusterTendency
559,wavelet-HLL_glcm_Contrast
560,wavelet-HLL_glcm_Correlation
561,wavelet-HLL_glcm_DifferenceAverage
562,wavelet-HLL_glcm_DifferenceEntropy
563,wavelet-HLL_glcm_DifferenceVariance
564,wavelet-HLL_glcm_JointEnergy
565,wavelet-HLL_glcm_JointEntropy
566,wavelet-HLL_glcm_Imc1
567,wavelet-HLL_glcm_Imc2
568,wavelet-HLL_glcm_Idm
569,wavelet-HLL_glcm_Idmn
570,wavelet-HLL_glcm_Id
571,wavelet-HLL_glcm_Idn
572,wavelet-HLL_glcm_InverseVariance
573,wavelet-HLL_glcm_MaximumProbability
574,wavelet-HLL_glcm_SumEntropy
575,wavelet-HLL_glcm_SumSquares
576,wavelet-HLL_glrlm_GrayLevelNonUniformity
577,wavelet-HLL_glrlm_GrayLevelNonUniformityNormalized
578,wavelet-HLL_glrlm_GrayLevelVariance
579,wavelet-HLL_glrlm_HighGrayLevelRunEmphasis
580,wavelet-HLL_glrlm_LongRunEmphasis
581,wavelet-HLL_glrlm_LongRunHighGrayLevelEmphasis
582,wavelet-HLL_glrlm_LongRunLowGrayLevelEmphasis
583,wavelet-HLL_glrlm_LowGrayLevelRunEmphasis
584,wavelet-HLL_glrlm_RunEntropy
585,wavelet-HLL_glrlm_RunLengthNonUniformity
586,wavelet-HLL_glrlm_RunLengthNonUniformityNormalized
587,wavelet-HLL_glrlm_RunPercentage
588,wavelet-HLL_glrlm_RunVariance
589,wavelet-HLL_glrlm_ShortRunEmphasis
590,wavelet-HLL_glrlm_ShortRunHighGrayLevelEmphasis
591,wavelet-HLL_glrlm_ShortRunLowGrayLevelEmphasis
592,wavelet-HLL_glszm_GrayLevelNonUniformity
593,wavelet-HLL_glszm_GrayLevelNonUniformityNormalized
594,wavelet-HLL_glszm_GrayLevelVariance
595,wavelet-HLL_glszm_HighGrayLevelZoneEmphasis
596,wavelet-HLL_glszm_LargeAreaEmphasis
597,wavelet-HLL_glszm_LargeAreaHighGrayLevelEmphasis
598,wavelet-HLL_glszm_LargeAreaLowGrayLevelEmphasis
599,wavelet-HLL_glszm_LowGrayLevelZoneEmphasis
600,wavelet-HLL_glszm_SizeZoneNonUniformity
601,wavelet-HLL_glszm_SizeZoneNonUniformityNormalized
602,wavelet-HLL_glszm_SmallAreaEmphasis
603,wavelet-HLL_glszm_SmallAreaHighGrayLevelEmphasis
604,wavelet-HLL_glszm_SmallAreaLowGrayLevelEmphasis
605,wavelet-HLL_glszm_ZoneEntropy
606,wavelet-HLL_glszm_ZonePercentage
607,wavelet-HLL_glszm_ZoneVariance
608,wavelet-HLL_gldm_DependenceEntropy
609,wavelet-HLL_gldm_DependenceNonUniformity
610,wavelet-HLL_gldm_DependenceNonUniformityNormalized
611,wavelet-HLL_gldm_DependenceVariance
612,wavelet-HLL_gldm_GrayLevelNonUniformity
613,wavelet-HLL_gldm_GrayLevelVariance
614,wavelet-HLL_gldm_HighGrayLevelEmphasis
615,wavelet-HLL_gldm_LargeDependenceEmphasis
616,wavelet-HLL_gldm_LargeDependenceHighGrayLevelEmphasis
617,wavelet-HLL_gldm_LargeDependenceLowGrayLevelEmphasis
618,wavelet-HLL_gldm_LowGrayLevelEmphasis
619,wavelet-HLL_gldm_SmallDependenceEmphasis
620,wavelet-HLL_gldm_SmallDependenceHighGrayLevelEmphasis
621,wavelet-HLL_gldm_SmallDependenceLowGrayLevelEmphasis
622,wavelet-HLH_firstorder_10Percentile
623,wavelet-HLH_firstorder_90Percentile
624,wavelet-HLH_firstorder_Energy
625,wavelet-HLH_firstorder_Entropy
626,wavelet-HLH_firstorder_InterquartileRange
627,wavelet-HLH_firstorder_Kurtosis
628,wavelet-HLH_firstorder_Maximum
629,wavelet-HLH_firstorder_MeanAbsoluteDeviation
630,wavelet-HLH_firstorder_Mean
631,wavelet-HLH_firstorder_Median
632,wavelet-HLH_firstorder_Minimum
633,wavelet-HLH_firstorder_Range
634,wavelet-HLH_firstorder_RobustMeanAbsoluteDeviation
635,wavelet-HLH_firstorder_RootMeanSquared
636,wavelet-HLH_firstorder_Skewness
637,wavelet-HLH_firstorder_TotalEnergy
638,wavelet-HLH_firstorder_Uniformity
639,wavelet-HLH_firstorder_Variance
640,wavelet-HLH_glcm_Autocorrelation
641,wavelet-HLH_glcm_JointAverage
642,wavelet-HLH_glcm_ClusterProminence
643,wavelet-HLH_glcm_ClusterShade
644,wavelet-HLH_glcm_ClusterTendency
645,wavelet-HLH_glcm_Contrast
646,wavelet-HLH_glcm_Correlation
647,wavelet-HLH_glcm_DifferenceAverage
648,wavelet-HLH_glcm_DifferenceEntropy
649,wavelet-HLH_glcm_DifferenceVariance
650,wavelet-HLH_glcm_JointEnergy
651,wavelet-HLH_glcm_JointEntropy
652,wavelet-HLH_glcm_Imc1
653,wavelet-HLH_glcm_Imc2
654,wavelet-HLH_glcm_Idm
655,wavelet-HLH_glcm_Idmn
656,wavelet-HLH_glcm_Id
657,wavelet-HLH_glcm_Idn
658,wavelet-HLH_glcm_InverseVariance
659,wavelet-HLH_glcm_MaximumProbability
660,wavelet-HLH_glcm_SumEntropy
661,wavelet-HLH_glcm_SumSquares
662,wavelet-HLH_glrlm_GrayLevelNonUniformity
663,wavelet-HLH_glrlm_GrayLevelNonUniformityNormalized
664,wavelet-HLH_glrlm_GrayLevelVariance
665,wavelet-HLH_glrlm_HighGrayLevelRunEmphasis
666,wavelet-HLH_glrlm_LongRunEmphasis
667,wavelet-HLH_glrlm_LongRunHighGrayLevelEmphasis
668,wavelet-HLH_glrlm_LongRunLowGrayLevelEmphasis
669,wavelet-HLH_glrlm_LowGrayLevelRunEmphasis
670,wavelet-HLH_glrlm_RunEntropy
671,wavelet-HLH_glrlm_RunLengthNonUniformity
672,wavelet-HLH_glrlm_RunLengthNonUniformityNormalized
673,wavelet-HLH_glrlm_RunPercentage
674,wavelet-HLH_glrlm_RunVariance
675,wavelet-HLH_glrlm_ShortRunEmphasis
676,wavelet-HLH_glrlm_ShortRunHighGrayLevelEmphasis
677,wavelet-HLH_glrlm_ShortRunLowGrayLevelEmphasis
678,wavelet-HLH_glszm_GrayLevelNonUniformity
679,wavelet-HLH_glszm_GrayLevelNonUniformityNormalized
680,wavelet-HLH_glszm_GrayLevelVariance
681,wavelet-HLH_glszm_HighGrayLevelZoneEmphasis
682,wavelet-HLH_glszm_LargeAreaEmphasis
683,wavelet-HLH_glszm_LargeAreaHighGrayLevelEmphasis
684,wavelet-HLH_glszm_LargeAreaLowGrayLevelEmphasis
685,wavelet-HLH_glszm_LowGrayLevelZoneEmphasis
686,wavelet-HLH_glszm_SizeZoneNonUniformity
687,wavelet-HLH_glszm_SizeZoneNonUniformityNormalized
688,wavelet-HLH_glszm_SmallAreaEmphasis
689,wavelet-HLH_glszm_SmallAreaHighGrayLevelEmphasis
690,wavelet-HLH_glszm_SmallAreaLowGrayLevelEmphasis
691,wavelet-HLH_glszm_ZoneEntropy
692,wavelet-HLH_glszm_ZonePercentage
693,wavelet-HLH_glszm_ZoneVariance
694,wavelet-HLH_gldm_DependenceEntropy
695,wavelet-HLH_gldm_DependenceNonUniformity
696,wavelet-HLH_gldm_DependenceNonUniformityNormalized
697,wavelet-HLH_gldm_DependenceVariance
698,wavelet-HLH_gldm_GrayLevelNonUniformity
699,wavelet-HLH_gldm_GrayLevelVariance
700,wavelet-HLH_gldm_HighGrayLevelEmphasis
701,wavelet-HLH_gldm_LargeDependenceEmphasis
702,wavelet-HLH_gldm_LargeDependenceHighGrayLevelEmphasis
703,wavelet-HLH_gldm_LargeDependenceLowGrayLevelEmphasis
704,wavelet-HLH_gldm_LowGrayLevelEmphasis
705,wavelet-HLH_gldm_SmallDependenceEmphasis
706,wavelet-HLH_gldm_SmallDependenceHighGrayLevelEmphasis
707,wavelet-HLH_gldm_SmallDependenceLowGrayLevelEmphasis
708,wavelet-HHL_firstorder_10Percentile
709,wavelet-HHL_firstorder_90Percentile
710,wavelet-HHL_firstorder_Energy
711,wavelet-HHL_firstorder_Entropy
712,wavelet-HHL_firstorder_InterquartileRange
713,wavelet-HHL_firstorder_Kurtosis
714,wavelet-HHL_firstorder_Maximum
715,wavelet-HHL_firstorder_MeanAbsoluteDeviation
716,wavelet-HHL_firstorder_Mean
717,wavelet-HHL_firstorder_Median
718,wavelet-HHL_firstorder_Minimum
719,wavelet-HHL_firstorder_Range
720,wavelet-HHL_firstorder_RobustMeanAbsoluteDeviation
721,wavelet-HHL_firstorder_RootMeanSquared
722,wavelet-HHL_firstorder_Skewness
723,wavelet-HHL_firstorder_TotalEnergy
724,wavelet-HHL_firstorder_Uniformity
725,wavelet-HHL_firstorder_Variance
726,wavelet-HHL_glcm_Autocorrelation
727,wavelet-HHL_glcm_JointAverage
728,wavelet-HHL_glcm_ClusterProminence
729,wavelet-HHL_glcm_ClusterShade
730,wavelet-HHL_glcm_ClusterTendency
731,wavelet-HHL_glcm_Contrast
732,wavelet-HHL_glcm_Correlation
733,wavelet-HHL_glcm_DifferenceAverage
734,wavelet-HHL_glcm_DifferenceEntropy
735,wavelet-HHL_glcm_DifferenceVariance
736,wavelet-HHL_glcm_JointEnergy
737,wavelet-HHL_glcm_JointEntropy
738,wavelet-HHL_glcm_Imc1
739,wavelet-HHL_glcm_Imc2
740,wavelet-HHL_glcm_Idm
741,wavelet-HHL_glcm_Idmn
742,wavelet-HHL_glcm_Id
743,wavelet-HHL_glcm_Idn
744,wavelet-HHL_glcm_InverseVariance
745,wavelet-HHL_glcm_MaximumProbability
746,wavelet-HHL_glcm_SumEntropy
747,wavelet-HHL_glcm_SumSquares
748,wavelet-HHL_glrlm_GrayLevelNonUniformity
749,wavelet-HHL_glrlm_GrayLevelNonUniformityNormalized
750,wavelet-HHL_glrlm_GrayLevelVariance
751,wavelet-HHL_glrlm_HighGrayLevelRunEmphasis
752,wavelet-HHL_glrlm_LongRunEmphasis
753,wavelet-HHL_glrlm_LongRunHighGrayLevelEmphasis
754,wavelet-HHL_glrlm_LongRunLowGrayLevelEmphasis
755,wavelet-HHL_glrlm_LowGrayLevelRunEmphasis
756,wavelet-HHL_glrlm_RunEntropy
757,wavelet-HHL_glrlm_RunLengthNonUniformity
758,wavelet-HHL_glrlm_RunLengthNonUniformityNormalized
759,wavelet-HHL_glrlm_RunPercentage
760,wavelet-HHL_glrlm_RunVariance
761,wavelet-HHL_glrlm_ShortRunEmphasis
762,wavelet-HHL_glrlm_ShortRunHighGrayLevelEmphasis
763,wavelet-HHL_glrlm_ShortRunLowGrayLevelEmphasis
764,wavelet-HHL_glszm_GrayLevelNonUniformity
765,wavelet-HHL_glszm_GrayLevelNonUniformityNormalized
766,wavelet-HHL_glszm_GrayLevelVariance
767,wavelet-HHL_glszm_HighGrayLevelZoneEmphasis
768,wavelet-HHL_glszm_LargeAreaEmphasis
769,wavelet-HHL_glszm_LargeAreaHighGrayLevelEmphasis
770,wavelet-HHL_glszm_LargeAreaLowGrayLevelEmphasis
771,wavelet-HHL_glszm_LowGrayLevelZoneEmphasis
772,wavelet-HHL_glszm_SizeZoneNonUniformity
773,wavelet-HHL_glszm_SizeZoneNonUniformityNormalized
774,wavelet-HHL_glszm_SmallAreaEmphasis
775,wavelet-HHL_glszm_SmallAreaHighGrayLevelEmphasis
776,wavelet-HHL_glszm_SmallAreaLowGrayLevelEmphasis
777,wavelet-HHL_glszm_ZoneEntropy
778,wavelet-HHL_glszm_ZonePercentage
779,wavelet-HHL_glszm_ZoneVariance
780,wavelet-HHL_gldm_DependenceEntropy
781,wavelet-HHL_gldm_DependenceNonUniformity
782,wavelet-HHL_gldm_DependenceNonUniformityNormalized
783,wavelet-HHL_gldm_DependenceVariance
784,wavelet-HHL_gldm_GrayLevelNonUniformity
785,wavelet-HHL_gldm_GrayLevelVariance
786,wavelet-HHL_gldm_HighGrayLevelEmphasis
787,wavelet-HHL_gldm_LargeDependenceEmphasis
788,wavelet-HHL_gldm_LargeDependenceHighGrayLevelEmphasis
789,wavelet-HHL_gldm_LargeDependenceLowGrayLevelEmphasis
790,wavelet-HHL_gldm_LowGrayLevelEmphasis
791,wavelet-HHL_gldm_SmallDependenceEmphasis
792,wavelet-HHL_gldm_SmallDependenceHighGrayLevelEmphasis
793,wavelet-HHL_gldm_SmallDependenceLowGrayLevelEmphasis
794,wavelet-HHH_firstorder_10Percentile
795,wavelet-HHH_firstorder_90Percentile
796,wavelet-HHH_firstorder_Energy
797,wavelet-HHH_firstorder_Entropy
798,wavelet-HHH_firstorder_InterquartileRange
799,wavelet-HHH_firstorder_Kurtosis
800,wavelet-HHH_firstorder_Maximum
801,wavelet-HHH_firstorder_MeanAbsoluteDeviation
802,wavelet-HHH_firstorder_Mean
803,wavelet-HHH_firstorder_Median
804,wavelet-HHH_firstorder_Minimum
805,wavelet-HHH_firstorder_Range
806,wavelet-HHH_firstorder_RobustMeanAbsoluteDeviation
807,wavelet-HHH_firstorder_RootMeanSquared
808,wavelet-HHH_firstorder_Skewness
809,wavelet-HHH_firstorder_TotalEnergy
810,wavelet-HHH_firstorder_Uniformity
811,wavelet-HHH_firstorder_Variance
812,wavelet-HHH_glcm_Autocorrelation
813,wavelet-HHH_glcm_JointAverage
814,wavelet-HHH_glcm_ClusterProminence
815,wavelet-HHH_glcm_ClusterShade
816,wavelet-HHH_glcm_ClusterTendency
817,wavelet-HHH_glcm_Contrast
818,wavelet-HHH_glcm_Correlation
819,wavelet-HHH_glcm_DifferenceAverage
820,wavelet-HHH_glcm_DifferenceEntropy
821,wavelet-HHH_glcm_DifferenceVariance
822,wavelet-HHH_glcm_JointEnergy
823,wavelet-HHH_glcm_JointEntropy
824,wavelet-HHH_glcm_Imc1
825,wavelet-HHH_glcm_Imc2
826,wavelet-HHH_glcm_Idm
827,wavelet-HHH_glcm_Idmn
828,wavelet-HHH_glcm_Id
829,wavelet-HHH_glcm_Idn
830,wavelet-HHH_glcm_InverseVariance
831,wavelet-HHH_glcm_MaximumProbability
832,wavelet-HHH_glcm_SumEntropy
833,wavelet-HHH_glcm_SumSquares
834,wavelet-HHH_glrlm_GrayLevelNonUniformity
835,wavelet-HHH_glrlm_GrayLevelNonUniformityNormalized
836,wavelet-HHH_glrlm_GrayLevelVariance
837,wavelet-HHH_glrlm_HighGrayLevelRunEmphasis
838,wavelet-HHH_glrlm_LongRunEmphasis
839,wavelet-HHH_glrlm_LongRunHighGrayLevelEmphasis
840,wavelet-HHH_glrlm_LongRunLowGrayLevelEmphasis
841,wavelet-HHH_glrlm_LowGrayLevelRunEmphasis
842,wavelet-HHH_glrlm_RunEntropy
843,wavelet-HHH_glrlm_RunLengthNonUniformity
844,wavelet-HHH_glrlm_RunLengthNonUniformityNormalized
845,wavelet-HHH_glrlm_RunPercentage
846,wavelet-HHH_glrlm_RunVariance
847,wavelet-HHH_glrlm_ShortRunEmphasis
848,wavelet-HHH_glrlm_ShortRunHighGrayLevelEmphasis
849,wavelet-HHH_glrlm_ShortRunLowGrayLevelEmphasis
850,wavelet-HHH_glszm_GrayLevelNonUniformity
851,wavelet-HHH_glszm_GrayLevelNonUniformityNormalized
852,wavelet-HHH_glszm_GrayLevelVariance
853,wavelet-HHH_glszm_HighGrayLevelZoneEmphasis
854,wavelet-HHH_glszm_LargeAreaEmphasis
855,wavelet-HHH_glszm_LargeAreaHighGrayLevelEmphasis
856,wavelet-HHH_glszm_LargeAreaLowGrayLevelEmphasis
857,wavelet-HHH_glszm_LowGrayLevelZoneEmphasis
858,wavelet-HHH_glszm_SizeZoneNonUniformity
859,wavelet-HHH_glszm_SizeZoneNonUniformityNormalized
860,wavelet-HHH_glszm_SmallAreaEmphasis
861,wavelet-HHH_glszm_SmallAreaHighGrayLevelEmphasis
862,wavelet-HHH_glszm_SmallAreaLowGrayLevelEmphasis
863,wavelet-HHH_glszm_ZoneEntropy
864,wavelet-HHH_glszm_ZonePercentage
865,wavelet-HHH_glszm_ZoneVariance
866,wavelet-HHH_gldm_DependenceEntropy
867,wavelet-HHH_gldm_DependenceNonUniformity
868,wavelet-HHH_gldm_DependenceNonUniformityNormalized
869,wavelet-HHH_gldm_DependenceVariance
870,wavelet-HHH_gldm_GrayLevelNonUniformity
871,wavelet-HHH_gldm_GrayLevelVariance
872,wavelet-HHH_gldm_HighGrayLevelEmphasis
873,wavelet-HHH_gldm_LargeDependenceEmphasis
874,wavelet-HHH_gldm_LargeDependenceHighGrayLevelEmphasis
875,wavelet-HHH_gldm_LargeDependenceLowGrayLevelEmphasis
876,wavelet-HHH_gldm_LowGrayLevelEmphasis
877,wavelet-HHH_gldm_SmallDependenceEmphasis
878,wavelet-HHH_gldm_SmallDependenceHighGrayLevelEmphasis
879,wavelet-HHH_gldm_SmallDependenceLowGrayLevelEmphasis
880,wavelet-LLL_firstorder_10Percentile
881,wavelet-LLL_firstorder_90Percentile
882,wavelet-LLL_firstorder_Energy
883,wavelet-LLL_firstorder_Entropy
884,wavelet-LLL_firstorder_InterquartileRange
885,wavelet-LLL_firstorder_Kurtosis
886,wavelet-LLL_firstorder_Maximum
887,wavelet-LLL_firstorder_MeanAbsoluteDeviation
888,wavelet-LLL_firstorder_Mean
889,wavelet-LLL_firstorder_Median
890,wavelet-LLL_firstorder_Minimum
891,wavelet-LLL_firstorder_Range
892,wavelet-LLL_firstorder_RobustMeanAbsoluteDeviation
893,wavelet-LLL_firstorder_RootMeanSquared
894,wavelet-LLL_firstorder_Skewness
895,wavelet-LLL_firstorder_TotalEnergy
896,wavelet-LLL_firstorder_Uniformity
897,wavelet-LLL_firstorder_Variance
898,wavelet-LLL_glcm_Autocorrelation
899,wavelet-LLL_glcm_JointAverage
900,wavelet-LLL_glcm_ClusterProminence
901,wavelet-LLL_glcm_ClusterShade
902,wavelet-LLL_glcm_ClusterTendency
903,wavelet-LLL_glcm_Contrast
904,wavelet-LLL_glcm_Correlation
905,wavelet-LLL_glcm_DifferenceAverage
906,wavelet-LLL_glcm_DifferenceEntropy
907,wavelet-LLL_glcm_DifferenceVariance
908,wavelet-LLL_glcm_JointEnergy
909,wavelet-LLL_glcm_JointEntropy
910,wavelet-LLL_glcm_Imc1
911,wavelet-LLL_glcm_Imc2
912,wavelet-LLL_glcm_Idm
913,wavelet-LLL_glcm_Idmn
914,wavelet-LLL_glcm_Id
915,wavelet-LLL_glcm_Idn
916,wavelet-LLL_glcm_InverseVariance
917,wavelet-LLL_glcm_MaximumProbability
918,wavelet-LLL_glcm_SumEntropy
919,wavelet-LLL_glcm_SumSquares
920,wavelet-LLL_glrlm_GrayLevelNonUniformity
921,wavelet-LLL_glrlm_GrayLevelNonUniformityNormalized
922,wavelet-LLL_glrlm_GrayLevelVariance
923,wavelet-LLL_glrlm_HighGrayLevelRunEmphasis
924,wavelet-LLL_glrlm_LongRunEmphasis
925,wavelet-LLL_glrlm_LongRunHighGrayLevelEmphasis
926,wavelet-LLL_glrlm_LongRunLowGrayLevelEmphasis
927,wavelet-LLL_glrlm_LowGrayLevelRunEmphasis
928,wavelet-LLL_glrlm_RunEntropy
929,wavelet-LLL_glrlm_RunLengthNonUniformity
930,wavelet-LLL_glrlm_RunLengthNonUniformityNormalized
931,wavelet-LLL_glrlm_RunPercentage
932,wavelet-LLL_glrlm_RunVariance
933,wavelet-LLL_glrlm_ShortRunEmphasis
934,wavelet-LLL_glrlm_ShortRunHighGrayLevelEmphasis
935,wavelet-LLL_glrlm_ShortRunLowGrayLevelEmphasis
936,wavelet-LLL_glszm_GrayLevelNonUniformity
937,wavelet-LLL_glszm_GrayLevelNonUniformityNormalized
938,wavelet-LLL_glszm_GrayLevelVariance
939,wavelet-LLL_glszm_HighGrayLevelZoneEmphasis
940,wavelet-LLL_glszm_LargeAreaEmphasis
941,wavelet-LLL_glszm_LargeAreaHighGrayLevelEmphasis
942,wavelet-LLL_glszm_LargeAreaLowGrayLevelEmphasis
943,wavelet-LLL_glszm_LowGrayLevelZoneEmphasis
944,wavelet-LLL_glszm_SizeZoneNonUniformity
945,wavelet-LLL_glszm_SizeZoneNonUniformityNormalized
946,wavelet-LLL_glszm_SmallAreaEmphasis
947,wavelet-LLL_glszm_SmallAreaHighGrayLevelEmphasis
948,wavelet-LLL_glszm_SmallAreaLowGrayLevelEmphasis
949,wavelet-LLL_glszm_ZoneEntropy
950,wavelet-LLL_glszm_ZonePercentage
951,wavelet-LLL_glszm_ZoneVariance
952,wavelet-LLL_gldm_DependenceEntropy
953,wavelet-LLL_gldm_DependenceNonUniformity
954,wavelet-LLL_gldm_DependenceNonUniformityNormalized
955,wavelet-LLL_gldm_DependenceVariance
956,wavelet-LLL_gldm_GrayLevelNonUniformity
957,wavelet-LLL_gldm_GrayLevelVariance
958,wavelet-LLL_gldm_HighGrayLevelEmphasis
959,wavelet-LLL_gldm_LargeDependenceEmphasis
960,wavelet-LLL_gldm_LargeDependenceHighGrayLevelEmphasis
961,wavelet-LLL_gldm_LargeDependenceLowGrayLevelEmphasis
962,wavelet-LLL_gldm_LowGrayLevelEmphasis
963,wavelet-LLL_gldm_SmallDependenceEmphasis
964,wavelet-LLL_gldm_SmallDependenceHighGrayLevelEmphasis
965,wavelet-LLL_gldm_SmallDependenceLowGrayLevelEmphasis
